{
  "id": "30b6-tiny-cabin-16-pieces-the-pizza-way",
  "modelId": "tiny-cabin",
  "name": "The pizza way",
  "pieceCount": 16,
  "pieceSpacing": 0.5,
  "piecesPerColumn": 4,
  "slicers": [
    {
      "name": "plaque_0",
      "volumes": [
        {
          "type": "box",
          "position": {
            "x": -0.7453627586364746,
            "y": -0.13662628829479218,
            "z": -1.8383762836456299
          },
          "rotation": {
            "x": -0.004647820256650448,
            "y": 0.9794039726257324,
            "z": -0.003168479073792696,
            "w": -0.2018321454524994
          },
          "scale": {
            "x": 0.08132345974445343,
            "y": 4.0661725997924805,
            "z": 4.0661725997924805
          }
        }
      ],
      "piecePosition": {
        "x": 0.3398548364639282,
        "y": 1.28633451461792,
        "z": 0.346631795167923
      },
      "pieceRotation": {
        "x": 0.8889468908309937,
        "y": -0.16375939548015594,
        "z": -0.21434369683265686,
        "w": 0.37015295028686523
      }
    },
    {
      "name": "plaque_1",
      "volumes": [
        {
          "type": "box",
          "position": {
            "x": -1.3040863275527954,
            "y": 0.2768094539642334,
            "z": -2.5597052574157715
          },
          "rotation": {
            "x": 0.006078724283725023,
            "y": 0.9708274006843567,
            "z": 0.052689213305711746,
            "w": -0.2338399440050125
          },
          "scale": {
            "x": 0.1167333722114563,
            "y": 5.836668491363525,
            "z": 5.836668491363525
          }
        }
      ],
      "piecePosition": {
        "x": 0.7057538032531738,
        "y": 1.2124992609024048,
        "z": 0.283277690410614
      },
      "pieceRotation": {
        "x": 0.7401769161224365,
        "y": -0.4421530067920685,
        "z": -0.4419058859348297,
        "w": 0.24770574271678925
      }
    },
    {
      "name": "plaque_2",
      "volumes": [
        {
          "type": "box",
          "position": {
            "x": -2.142835855484009,
            "y": 0.488762766122818,
            "z": -3.398648262023926
          },
          "rotation": {
            "x": 0.01096247136592865,
            "y": 0.9606696367263794,
            "z": 0.05974169820547104,
            "w": -0.27096986770629883
          },
          "scale": {
            "x": 0.16201892495155334,
            "y": 8.100946426391602,
            "z": 8.100946426391602
          }
        }
      ],
      "piecePosition": {
        "x": 0.6088958382606506,
        "y": 1.2347910404205322,
        "z": 0.22982457280158997
      },
      "pieceRotation": {
        "x": 0.8573634624481201,
        "y": -0.2197578251361847,
        "z": -0.39288341999053955,
        "w": 0.24955371022224426
      }
    },
    {
      "name": "plaque_3",
      "volumes": [
        {
          "type": "box",
          "position": {
            "x": -0.36285173892974854,
            "y": -0.29278793931007385,
            "z": -5.1129279136657715
          },
          "rotation": {
            "x": 0.00830802507698536,
            "y": 0.9993323683738708,
            "z": -0.017057113349437714,
            "w": -0.031224042177200317
          },
          "scale": {
            "x": 0.203308567404747,
            "y": 10.165428161621094,
            "z": 10.165428161621094
          }
        }
      ],
      "piecePosition": {
        "x": 0.9224461913108826,
        "y": 0.8060507774353027,
        "z": -0.5127293467521667
      },
      "pieceRotation": {
        "x": 0.12170132994651794,
        "y": -0.531883716583252,
        "z": 0.10128939151763916,
        "w": 0.8318827748298645
      }
    },
    {
      "name": "plaque_4",
      "volumes": [
        {
          "type": "box",
          "position": {
            "x": 1.861017107963562,
            "y": -0.9224785566329956,
            "z": -5.957101821899414
          },
          "rotation": {
            "x": -0.011188428848981857,
            "y": 0.985920786857605,
            "z": -0.06068010255694389,
            "w": 0.1554127037525177
          },
          "scale": {
            "x": 0.24958474934101105,
            "y": 12.47923755645752,
            "z": 12.47923755645752
          }
        }
      ],
      "piecePosition": {
        "x": 1.0021295547485352,
        "y": 0.8255687952041626,
        "z": -0.23529782891273499
      },
      "pieceRotation": {
        "x": 0.19490893185138702,
        "y": -0.48178285360336304,
        "z": 0.05973471328616142,
        "w": 0.8522485494613647
      }
    },
    {
      "name": "plaque_5",
      "volumes": [
        {
          "type": "box",
          "position": {
            "x": 5.455019950866699,
            "y": -1.1208276748657227,
            "z": -6.504863739013672
          },
          "rotation": {
            "x": 0.008949466049671173,
            "y": 0.9357900023460388,
            "z": -0.051481783390045166,
            "w": 0.3486640453338623
          },
          "scale": {
            "x": 0.33995527029037476,
            "y": 16.99776268005371,
            "z": 16.99776268005371
          }
        }
      ],
      "piecePosition": {
        "x": 0.6780931353569031,
        "y": 1.166995644569397,
        "z": 0.20579737424850464
      },
      "pieceRotation": {
        "x": 0.908551812171936,
        "y": 0.0228398609906435,
        "z": -0.14888201653957367,
        "w": 0.38967451453208923
      }
    },
    {
      "name": "plaque_6",
      "volumes": [
        {
          "type": "box",
          "position": {
            "x": 8.015335083007812,
            "y": -1.0111112594604492,
            "z": -2.7643911838531494
          },
          "rotation": {
            "x": 0.013902283273637295,
            "y": 0.8087235689163208,
            "z": -0.04925185814499855,
            "w": 0.5859584808349609
          },
          "scale": {
            "x": 0.33995527029037476,
            "y": 16.99776268005371,
            "z": 16.99776268005371
          }
        }
      ],
      "piecePosition": {
        "x": 0.9607177972793579,
        "y": 0.8926815390586853,
        "z": 0.28473490476608276
      },
      "pieceRotation": {
        "x": 0.247953861951828,
        "y": -0.45130565762519836,
        "z": -0.1821504831314087,
        "w": 0.8376534581184387
      }
    },
    {
      "name": "plaque_7",
      "volumes": [
        {
          "type": "box",
          "position": {
            "x": -9.15857982635498,
            "y": 0.274330198764801,
            "z": -5.209656238555908
          },
          "rotation": {
            "x": 0.016502877697348595,
            "y": 0.8613754510879517,
            "z": 0.012230027467012405,
            "w": -0.5075534582138062
          },
          "scale": {
            "x": 0.41885480284690857,
            "y": 20.94274139404297,
            "z": 20.94274139404297
          }
        }
      ],
      "piecePosition": {
        "x": 0.1312318742275238,
        "y": 1.0747010707855225,
        "z": 0.5778247714042664
      },
      "pieceRotation": {
        "x": -0.2203935831785202,
        "y": 0.7839494347572327,
        "z": -0.0960840955376625,
        "w": 0.5723791718482971
      }
    },
    {
      "name": "plaque_8",
      "volumes": [
        {
          "type": "box",
          "position": {
            "x": -10.450315475463867,
            "y": -0.46663179993629456,
            "z": 1.4478247165679932
          },
          "rotation": {
            "x": -0.012680628336966038,
            "y": 0.6498845815658569,
            "z": -0.010618932545185089,
            "w": -0.7598530054092407
          },
          "scale": {
            "x": 0.41885480284690857,
            "y": 20.94274139404297,
            "z": 20.94274139404297
          }
        }
      ],
      "piecePosition": {
        "x": -0.08759797364473343,
        "y": 1.0295302867889404,