{
  "id": "3f32-still-life-lemons-25-pieces-whirling-slices",
  "modelId": "still-life-lemons",
  "name": "Whirling slices",
  "pieceCount": 25,
  "pieceSpacing": 0.5,
  "piecesPerColumn": 4,
  "slicers": [
    {
      "name": "plan_0",
      "volumes": [
        {
          "type": "box",
          "position": {
            "x": -2.0642828941345215,
            "y": 0.6256950497627258,
            "z": 1.4095654487609863
          },
          "rotation": {
            "x": 0.0887831300497055,
            "y": -0.8659034967422485,
            "z": 0.04086190089583397,
            "w": -0.4905702471733093
          },
          "scale": {
            "x": 4.18280029296875,
            "y": 4.18280029296875,
            "z": 4.18280029296875
          }
        }
      ],
      "piecePosition": {
        "x": 0,
        "y": 0,
        "z": 0
      },
      "pieceRotation": {
        "x": 0,
        "y": 0,
        "z": 0,
        "w": 0
      }
    },
    {
      "name": "plan_1",
      "volumes": [
        {
          "type": "box",
          "position": {
            "x": -1.693098783493042,
            "y": 0.42246416211128235,
            "z": 1.7796638011932373
          },
          "rotation": {
            "x": 0.16659817099571228,
            "y": -0.91353440284729,
            "z": 0.0003781318664550781,
            "w": -0.37107935547828674
          },
          "scale": {
            "x": 4.18280029296875,
            "y": 4.18280029296875,
            "z": 4.18280029296875
          }
        }
      ],
      "piecePosition": {
        "x": 0,
        "y": 0,
        "z": 0
      },
      "pieceRotation": {
        "x": 0,
        "y": 0,
        "z": 0,
        "w": 0
      }
    },
    {
      "name": "plan_2",
      "volumes": [
        {
          "type": "box",
          "position": {
            "x": -1.4291932582855225,
            "y": 0.40981635451316833,
            "z": 1.9270402193069458
          },
          "rotation": {
            "x": 0.14107823371887207,
            "y": -0.9448898434638977,
            "z": -0.02253110334277153,
            "w": -0.29457178711891174
          },
          "scale": {
            "x": 4.18280029296875,
            "y": 4.18280029296875,
            "z": 4.18280029296875
          }
        }
      ],
      "piecePosition": {
        "x": 0,
        "y": 0,
        "z": 0
      },
      "pieceRotation": {
        "x": 0,
        "y": 0,
        "z": 0,
        "w": 0
      }
    },
    {
      "name": "plan_3",
      "volumes": [
        {
          "type": "box",
          "position": {
            "x": -1.1211313009262085,
            "y": 0.8722350597381592,
            "z": 1.9337546825408936
          },
          "rotation": {
            "x": 0.24813824892044067,
            "y": -0.9416440725326538,
            "z": 0.09962531179189682,
            "w": -0.20447203516960144
          },
          "scale": {
            "x": 4.18280029296875,
            "y": 4.18280029296875,
            "z": 4.18280029296875
          }
        }
      ],
      "piecePosition": {
        "x": 0,
        "y": 0,
        "z": 0
      },
      "pieceRotation": {
        "x": 0,
        "y": 0,
        "z": 0,
        "w": 0
      }
    },
    {
      "name": "plan_4",
      "volumes": [
        {
          "type": "box",
          "position": {
            "x": -1.2205778360366821,
            "y": 0.6837792992591858,
            "z": 1.8841712474822998
          },
          "rotation": {
            "x": 0.19620200991630554,
            "y": -0.948154091835022,
            "z": 0.053795844316482544,
            "w": -0.2441611886024475
          },
          "scale": {
            "x": 4.18280029296875,
            "y": 4.18280029296875,
            "z": 4.18280029296875
          }
        }
      ],
      "piecePosition": {
        "x": 0,
        "y": 0,
        "z": 0
      },
      "pieceRotation": {
        "x": 0,
        "y": 0,
        "z": 0,
        "w": 0
      }
    },
    {
      "name": "plan_5",
      "volumes": [
        {
          "type": "box",
          "position": {
            "x": -1.3491332530975342,
            "y": 0.2553446888923645,
            "z": 1.8098492622375488
          },
          "rotation": {
            "x": 0.25609153509140015,
            "y": -0.9189070463180542,
            "z": -0.01146924402564764,
            "w": -0.2998255491256714
          },
          "scale": {
            "x": 4.18280029296875,
            "y": 4.18280029296875,
            "z": 4.18280029296875
          }
        }
      ],
      "piecePosition": {
        "x": 0,
        "y": 0,
        "z": 0
      },
      "pieceRotation": {
        "x": 0,
        "y": 0,
        "z": 0,
        "w": 0
      }
    },
    {
      "name": "plan_6",
      "volumes": [
        {
          "type": "box",
          "position": {
            "x": -1.5366344451904297,
            "y": 0.1842358112335205,
            "z": 1.6378366947174072
          },
          "rotation": {
            "x": 0.07245011627674103,
            "y": -0.9340938329696655,
            "z": -0.08664020150899887,
            "w": -0.33869320154190063
          },
          "scale": {
            "x": 4.18280029296875,
            "y": 4.18280029296875,
            "z": 4.18280029296875
          }
        }
      ],
      "piecePosition": {
        "x": 0,
        "y": 0,
        "z": 0
      },
      "pieceRotation": {
        "x": 0,
        "y": 0,
        "z": 0,
        "w": 0
      }
    },
    {
      "name": "plan_7",
      "volumes": [
        {
          "type": "box",
          "position": {
            "x": -1.7776212692260742,
            "y": 0.18773674964904785,
            "z": 1.3674659729003906
          },
          "rotation": {
            "x": 0.049222733825445175,
            "y": -0.9057215452194214,
            "z": -0.09408754110336304,
            "w": -0.41035741567611694
          },
          "scale": {
            "x": 4.18280029296875,
            "y": 4.18280029296875,
            "z": 4.18280029296875
          }
        }
      ],
      "piecePosition": {
        "x": 0,
        "y": 0,
        "z": 0
      },
      "pieceRotation": {
        "x": 0,
        "y": 0,
        "z": 0,
        "w": 0
      }
    },
    {
      "name": "plan_8",
      "volumes": [
        {
          "type": "box",
          "position": {
            "x": -2.086564064025879,
            "y": 0.18447330594062805,
            "z": 0.8526021838188171
          },
          "rotation": {
            "x": 0.06829614192247391,
            "y": -0.8442467451095581,
            "z": -0.08322658389806747,
            "w": -0.5250300765037537
          },
          "scale": {
            "x": 4.18280029296875,
            "y": 4.18280029296875,
            "z": 4.18280029296875
          }
        }
      ],
      "piecePosition": {
        "x": 0,
        "y": 0,
        "z": 0
      },
      "pieceRotation": {
        "x": 0,
        "y": 0,
        "z": 0,
        "w": 0
      }
    },
    {
      "name": "plan_9",
      "volumes": [
        {
          "type": "box",
          "position": {
            "x": -2.2695364952087402,
            "y": 0.2009926736354828,
            "z": 0.12710118293762207
          },
          "rotation": {
            "x": 0.0916774719953537,
            "y": -0.7495319843292236,
            "z": -0.059425462037324905,
            "w": -0.6528903245925903
          },
          "scale": {
            "x": 4.18280029296875,
            "y": 4.18280029296875,
            "z": 4.18280029296875
          }
        }
      ],
      "piecePosition": {
        "x": 0,
        "y": 0,
        "z": 0
      },
      "pieceRotation": {
        "x": 0,
        "y": 0,
        "z": 0,
        "w": 0
      }
    },
    {
      "name": "plan_10",
      "volumes": [
        {
          "type": "box",
          "position": {
            "x": -2.2001049518585205,