{
  "id": "408eda0c-8015-4a0f-aec7-b5d92b1bb140",
  "modelId": "shark-cage",
  "name": "2020-11-20 00:08:00",
  "pieceCount": 16,
  "pieceSpacing": 0.5,
  "piecesPerColumn": 4,
  "slicers": [
    {
      "name": "sphere_0",
      "volumes": [
        {
          "type": "sphere",
          "position": {
            "x": -0.221145898103714,
            "y": 0.34478622674942017,
            "z": 0.13406872749328613
          },
          "rotation": {
            "x": -0.17492179572582245,
            "y": -0.15193328261375427,
            "z": -0.9581961631774902,
            "w": -0.16786544024944305
          },
          "scale": {
            "x": 0.5167608261108398,
            "y": 0.5167608261108398,
            "z": 0.5167608261108398
          }
        }
      ],
      "piecePosition": {
        "x": 0,
        "y": 0,
        "z": 0
      },
      "pieceRotation": {
        "x": 0,
        "y": 0,
        "z": 0,
        "w": 0
      }
    },
    {
      "name": "sphere_1",
      "volumes": [
        {
          "type": "sphere",
          "position": {
            "x": -0.09876053035259247,
            "y": 0.40230751037597656,
            "z": -0.16207164525985718
          },
          "rotation": {
            "x": -0.14292654395103455,
            "y": -0.11957459896802902,
            "z": -0.966518759727478,
            "w": -0.17639592289924622
          },
          "scale": {
            "x": 0.5167608261108398,
            "y": 0.5167608261108398,
            "z": 0.5167608261108398
          }
        }
      ],
      "piecePosition": {
        "x": 0,
        "y": 0,
        "z": 0
      },
      "pieceRotation": {
        "x": 0,
        "y": 0,
        "z": 0,
        "w": 0
      }
    },
    {
      "name": "sphere_2",
      "volumes": [
        {
          "type": "sphere",
          "position": {
            "x": 0.15228380262851715,
            "y": 0.4056345820426941,
            "z": 0.040995776653289795
          },
          "rotation": {
            "x": 0.004343442618846893,
            "y": -0.13159345090389252,
            "z": -0.9908173084259033,
            "w": 0.030746370553970337
          },
          "scale": {
            "x": 0.5167608261108398,
            "y": 0.5167608261108398,
            "z": 0.5167608261108398
          }
        }
      ],
      "piecePosition": {
        "x": 0,
        "y": 0,
        "z": 0
      },
      "pieceRotation": {
        "x": 0,
        "y": 0,
        "z": 0,
        "w": 0
      }
    },
    {
      "name": "sphere_3",
      "volumes": [
        {
          "type": "sphere",
          "position": {
            "x": 0.020071938633918762,
            "y": 0.13441401720046997,
            "z": -0.04039865732192993
          },
          "rotation": {
            "x": -0.03598938509821892,
            "y": -0.3274480104446411,
            "z": -0.9401541352272034,
            "w": -0.08713618665933609
          },
          "scale": {
            "x": 0.5167608261108398,
            "y": 0.5167608261108398,
            "z": 0.5167608261108398
          }
        }
      ],
      "piecePosition": {
        "x": 0,
        "y": 0,
        "z": 0
      },
      "pieceRotation": {
        "x": 0,
        "y": 0,
        "z": 0,
        "w": 0
      }
    },
    {
      "name": "sphere_4",
      "volumes": [
        {
          "type": "sphere",
          "position": {
            "x": -0.25633206963539124,
            "y": -0.30302464962005615,
            "z": 0.3178606629371643
          },
          "rotation": {
            "x": -0.26006579399108887,
            "y": -0.4333689212799072,
            "z": -0.8605095148086548,
            "w": -0.06387806683778763
          },
          "scale": {
            "x": 0.5167608261108398,
            "y": 0.5167608261108398,
            "z": 0.5167608261108398
          }
        }
      ],
      "piecePosition": {
        "x": 0,
        "y": 0,
        "z": 0
      },
      "pieceRotation": {
        "x": 0,
        "y": 0,
        "z": 0,
        "w": 0
      }
    },
    {
      "name": "sphere_5",
      "volumes": [
        {
          "type": "sphere",
          "position": {
            "x": -0.000628005713224411,
            "y": -8.422136306762695e-05,
            "z": 0.2576478123664856
          },
          "rotation": {
            "x": -0.15488748252391815,
            "y": -0.39209073781967163,
            "z": -0.906160831451416,
            "w": -0.03387296944856644
          },
          "scale": {
            "x": 0.5167608261108398,
            "y": 0.5167608261108398,
            "z": 0.5167608261108398
          }
        }
      ],
      "piecePosition": {
        "x": 0,
        "y": 0,
        "z": 0
      },
      "pieceRotation": {
        "x": 0,
        "y": 0,
        "z": 0,
        "w": 0
      }
    },
    {
      "name": "sphere_6",
      "volumes": [
        {
          "type": "sphere",
          "position": {
            "x": -0.2625837028026581,
            "y": -0.0964704155921936,
            "z": -0.13932377099990845
          },
          "rotation": {
            "x": -0.18908195197582245,
            "y": -0.01136718038469553,
            "z": -0.9805371165275574,
            "w": -0.0516321137547493
          },
          "scale": {
            "x": 0.7629016637802124,
            "y": 0.7629016637802124,
            "z": 0.7629016637802124
          }
        }
      ],
      "piecePosition": {
        "x": 0,
        "y": 0,
        "z": 0
      },
      "pieceRotation": {
        "x": 0,
        "y": 0,
        "z": 0,
        "w": 0
      }
    },
    {
      "name": "sphere_7",
      "volumes": [
        {
          "type": "sphere",
          "position": {
            "x": -0.11328832805156708,
            "y": -0.4338127672672272,
            "z": -0.35534441471099854
          },
          "rotation": {
            "x": -0.04715058207511902,
            "y": -0.16692832112312317,
            "z": -0.9759753942489624,
            "w": -0.13184773921966553
          },
          "scale": {
            "x": 0.15195059776306152,
            "y": 0.15195059776306152,
            "z": 0.15195059776306152
          }
        }
      ],
      "piecePosition": {
        "x": 0,
        "y": 0,
        "z": 0
      },
      "pieceRotation": {
        "x": 0,
        "y": 0,
        "z": 0,
        "w": 0
      }
    },
    {
      "name": "sphere_8",
      "volumes": [
        {
          "type": "sphere",
          "position": {
            "x": -0.23163990676403046,
            "y": -0.4471583366394043,
            "z": -0.3358321785926819
          },
          "rotation": {
            "x": -0.10499834269285202,
            "y": -0.21716025471687317,
            "z": -0.9618406295776367,
            "w": -0.129148930311203
          },
          "scale": {
            "x": 0.18577322363853455,
            "y": 0.18577322363853455,
            "z": 0.18577322363853455
          }
        }
      ],
      "piecePosition": {
        "x": 0,
        "y": 0,
        "z": 0
      },
      "pieceRotation": {
        "x": 0,
        "y": 0,
        "z": 0,
        "w": 0
      }
    },
    {
      "name": "sphere_9",
      "volumes": [
        {
          "type": "sphere",
          "position": {
            "x": -0.4082472622394562,
            "y": -0.4280080795288086,
            "z": -0.3232002258300781
          },
          "rotation": {
            "x": -0.21039631962776184,
            "y": -0.19733671844005585,
            "z": -0.9487022757530212,
            "w": -0.12944327294826508
          },
          "scale": {
            "x": 0.39064767956733704,
            "y": 0.39064767956733704,
            "z": 0.39064767956733704
          }
        }
      ],
      "piecePosition": {
        "x": 0,
        "y": 0,
        "z": 0
      },
      "pieceRotation": {
        "x": 0,
        "y": 0,
        "z": 0,
        "w": 0
      }
    },
    {
      "name": "sphere_10",