{
  "id": "684f-strawberry-jumbo-19-pieces-aussitot-fraise",
  "modelId": "strawberry-jumbo",
  "name": "Aussitôt fraise",
  "pieceCount": 19,
  "pieceSpacing": 0.5,
  "piecesPerColumn": 4,
  "slicers": [
    {
      "name": "ellipsoid_0",
      "volumes": [
        {
          "type": "sphere",
          "position": {
            "x": -0.04869214445352554,
            "y": -0.008637696504592896,
            "z": 0.03316560387611389
          },
          "rotation": {
            "x": -0.13945123553276062,
            "y": 0.20156115293502808,
            "z": 0.7591380476951599,
            "w": 0.6030223369598389
          },
          "scale": {
            "x": 0.35156726837158203,
            "y": 1.054701805114746,
            "z": 0.35156726837158203
          }
        }
      ],
      "piecePosition": {
        "x": -0.701032280921936,
        "y": 1.1747102737426758,
        "z": -0.15859578549861908
      },
      "pieceRotation": {
        "x": 0.4044885039329529,
        "y": 0.4456816613674164,
        "z": 0.4640493094921112,
        "w": 0.649934709072113
      }
    },
    {
      "name": "ellipsoid_1",
      "volumes": [
        {
          "type": "sphere",
          "position": {
            "x": -0.0005238950252532959,
            "y": -0.006541997194290161,
            "z": 0.07503014802932739
          },
          "rotation": {
            "x": -0.04184001684188843,
            "y": 0.673995316028595,
            "z": 0.7312420606613159,
            "w": -0.09625358879566193
          },
          "scale": {
            "x": 0.35156726837158203,
            "y": 1.054701805114746,
            "z": 0.35156726837158203
          }
        }
      ],
      "piecePosition": {
        "x": -0.7154054641723633,
        "y": 1.1777781248092651,
        "z": -0.1584031581878662
      },
      "pieceRotation": {
        "x": 0.2573269307613373,
        "y": -0.09327319264411926,
        "z": -0.8500445485115051,
        "w": 0.4500080645084381
      }
    },
    {
      "name": "sphere_2",
      "volumes": [
        {
          "type": "sphere",
          "position": {
            "x": 0.005468834191560745,
            "y": 0.2796543836593628,
            "z": 0.023813873529434204
          },
          "rotation": {
            "x": 0.012331039644777775,
            "y": 0.30395498871803284,
            "z": 0.9524939656257629,
            "w": 0.014649459160864353
          },
          "scale": {
            "x": 0.10375113785266876,
            "y": 0.10375113785266876,
            "z": 0.10375113785266876
          }
        }
      ],
      "piecePosition": {
        "x": -0.4297955632209778,
        "y": 0.9478135108947754,
        "z": -0.2392069399356842
      },
      "pieceRotation": {
        "x": 0.03526926040649414,
        "y": 0.1810593605041504,
        "z": -0.548255443572998,
        "w": 0.8157141804695129
      }
    },
    {
      "name": "sphere_3",
      "volumes": [
        {
          "type": "sphere",
          "position": {
            "x": 0.008173007518053055,
            "y": 0.2382524013519287,
            "z": 0.1927458941936493
          },
          "rotation": {
            "x": 0.23677754402160645,
            "y": 0.35724741220474243,
            "z": 0.8711504340171814,
            "w": -0.23959913849830627
          },
          "scale": {
            "x": 0.1040276437997818,
            "y": 0.1040276437997818,
            "z": 0.1040276437997818
          }
        }
      ],
      "piecePosition": {
        "x": -0.34181830286979675,
        "y": 0.7531484365463257,
        "z": -0.08694542944431305
      },
      "pieceRotation": {
        "x": -0.06861229985952377,
        "y": 0.2924739122390747,
        "z": -0.14053291082382202,
        "w": 0.9433991312980652
      }
    },
    {
      "name": "sphere_4",
      "volumes": [
        {
          "type": "sphere",
          "position": {
            "x": -0.10563167929649353,
            "y": 0.2341347336769104,
            "z": 0.1433408260345459
          },
          "rotation": {
            "x": 0.2506825029850006,
            "y": 0.34979820251464844,
            "z": 0.8939375281333923,
            "w": -0.12520048022270203
          },
          "scale": {
            "x": 0.1040276437997818,
            "y": 0.1040276437997818,
            "z": 0.1040276437997818
          }
        }
      ],
      "piecePosition": {
        "x": -0.41428181529045105,
        "y": 0.7613121271133423,
        "z": -0.29503482580184937
      },
      "pieceRotation": {
        "x": 0.031223969534039497,
        "y": 0.2724173665046692,
        "z": -0.07473055273294449,
        "w": 0.9587644338607788
      }
    },
    {
      "name": "sphere_5",
      "volumes": [
        {
          "type": "sphere",
          "position": {
            "x": 0.10113146901130676,
            "y": 0.24684011936187744,
            "z": 0.11911150813102722
          },
          "rotation": {
            "x": 0.11209475994110107,
            "y": 0.39411523938179016,
            "z": 0.884718120098114,
            "w": -0.222220316529274
          },
          "scale": {
            "x": 0.1040276437997818,
            "y": 0.1040276437997818,
            "z": 0.1040276437997818
          }
        }
      ],
      "piecePosition": {
        "x": -0.19471187889575958,
        "y": 0.6451728940010071,
        "z": -0.032967787235975266
      },
      "pieceRotation": {
        "x": -0.213632732629776,
        "y": 0.31979042291641235,
        "z": -0.160932257771492,
        "w": 0.9089532494544983
      }
    },
    {
      "name": "sphere_6",
      "volumes": [
        {
          "type": "sphere",
          "position": {
            "x": -0.054320842027664185,
            "y": 0.2334027886390686,
            "z": -0.15912127494812012
          },
          "rotation": {
            "x": 0.2152571976184845,
            "y": 0.3409452438354492,
            "z": 0.8609685897827148,
            "w": -0.31008684635162354
          },
          "scale": {
            "x": 0.19340427219867706,
            "y": 0.19340427219867706,
            "z": 0.19340427219867706
          }
        }
      ],
      "piecePosition": {
        "x": -0.32626375555992126,
        "y": 0.8200023174285889,
        "z": -0.7011579275131226
      },
      "pieceRotation": {
        "x": 0.07374180108308792,
        "y": 0.13488684594631195,
        "z": -0.09597449004650116,
        "w": 0.983441174030304
      }
    },
    {
      "name": "sphere_7",
      "volumes": [
        {
          "type": "sphere",
          "position": {
            "x": 0.14758369326591492,
            "y": 0.23267030715942383,
            "z": -0.10676473379135132
          },
          "rotation": {
            "x": 0.020985305309295654,
            "y": 0.42905735969543457,
            "z": 0.8596022725105286,
            "w": -0.2766827344894409
          },
          "scale": {
            "x": 0.19340427219867706,
            "y": 0.19340427219867706,
            "z": 0.19340427219867706
          }
        }
      ],
      "piecePosition": {
        "x": 0.4833163022994995,
        "y": 0.7422844767570496,
        "z": -0.5059938430786133
      },
      "pieceRotation": {
        "x": 0.04808851331472397,
        "y": -0.28001490235328674,
        "z": 0.027284052222967148,
        "w": 0.958402156829834
      }
    },
    {
      "name": "ellipsoid_8",
      "volumes": [
        {
          "type": "sphere",
          "position": {
            "x": -0.0009853728115558624,
            "y": 0.20778632164001465,
            "z": -0.0063571929931640625
          },
          "rotation": {
            "x": 0.14633792638778687,
            "y": 0.3875729441642761,
            "z": 0.6692877411842346,
            "w": -0.6167871952056885
          },
          "scale": {
            "x": 0.16259826719760895,
            "y": 0.48779481649398804,