{
  "id": "fb020192-df94-4535-aa23-faf53de802fd",
  "modelId": "melonpop",
  "name": "2020-11-20 00:14:18",
  "pieceCount": 17,
  "pieceSpacing": 0.5,
  "piecesPerColumn": 4,
  "slicers": [
    {
      "name": "box_0",
      "volumes": [
        {
          "type": "box",
          "position": {
            "x": 0.04021952301263809,
            "y": 0.8926010131835938,
            "z": -0.05374550819396973
          },
          "rotation": {
            "x": 0.00695223780348897,
            "y": 0.07058791071176529,
            "z": -0.9974485039710999,
            "w": 0.008097351528704166
          },
          "scale": {
            "x": 0.7113608717918396,
            "y": 0.7113608717918396,
            "z": 0.7113608717918396
          }
        }
      ],
      "piecePosition": {
        "x": -0.23454289138317108,
        "y": 1.2924492359161377,
        "z": -0.5272865295410156
      },
      "pieceRotation": {
        "x": 0.11384108662605286,
        "y": 0.17740072309970856,
        "z": 0.04769916087388992,
        "w": 0.9763677716255188
      }
    },
    {
      "name": "box_1",
      "volumes": [
        {
          "type": "box",
          "position": {
            "x": 0.020338386297225952,
            "y": 0.8414061069488525,
            "z": -0.07195472717285156
          },
          "rotation": {
            "x": -0.01851312816143036,
            "y": 0.038217250257730484,
            "z": -0.9990966320037842,
            "w": 0.0016434742137789726
          },
          "scale": {
            "x": 0.7113608717918396,
            "y": 0.7113608717918396,
            "z": 0.7113608717918396
          }
        }
      ],
      "piecePosition": {
        "x": -0.09677677601575851,
        "y": 1.0448120832443237,
        "z": -0.5167679190635681
      },
      "pieceRotation": {
        "x": 0.024959467351436615,
        "y": 0.09230056405067444,
        "z": 0.022844703868031502,
        "w": 0.9951561093330383
      }
    },
    {
      "name": "box_2",
      "volumes": [
        {
          "type": "box",
          "position": {
            "x": 0.04013216868042946,
            "y": 0.7517011165618896,
            "z": -0.09117680788040161
          },
          "rotation": {
            "x": -0.011291051283478737,
            "y": 0.01733247935771942,
            "z": -0.9997088313102722,
            "w": 0.01242966577410698
          },
          "scale": {
            "x": 0.7113608717918396,
            "y": 0.7113608717918396,
            "z": 0.7113608717918396
          }
        }
      ],
      "piecePosition": {
        "x": -0.05619002878665924,
        "y": 0.9838497042655945,
        "z": -0.5152504444122314
      },
      "pieceRotation": {
        "x": 0.02941918931901455,
        "y": 0.05867836996912956,
        "z": 0.010036216117441654,
        "w": 0.9977928400039673
      }
    },
    {
      "name": "box_3",
      "volumes": [
        {
          "type": "box",
          "position": {
            "x": 0.06365150213241577,
            "y": 0.6312980651855469,
            "z": -0.10182815790176392
          },
          "rotation": {
            "x": -0.013517417013645172,
            "y": -0.009767870418727398,
            "z": -0.9996219277381897,
            "w": -0.021861698478460312
          },
          "scale": {
            "x": 0.7113608717918396,
            "y": 0.7113608717918396,
            "z": 0.7113608717918396
          }
        }
      ],
      "piecePosition": {
        "x": -0.026795264333486557,
        "y": 0.9387935400009155,
        "z": -0.5335841178894043
      },
      "pieceRotation": {
        "x": 0.05848168581724167,
        "y": 0.04450610652565956,
        "z": 0.04215472936630249,
        "w": 0.9964046478271484
      }
    },
    {
      "name": "box_4",
      "volumes": [
        {
          "type": "box",
          "position": {
            "x": 0.05025076866149902,
            "y": 0.5345182418823242,
            "z": -0.11511474847793579
          },
          "rotation": {
            "x": -0.025303617119789124,
            "y": -0.039006754755973816,
            "z": -0.9989162683486938,
            "w": 0.0021188899409025908
          },
          "scale": {
            "x": 0.7113608717918396,
            "y": 0.7113608717918396,
            "z": 0.7113608717918396
          }
        }
      ],
      "piecePosition": {
        "x": -0.051245592534542084,
        "y": 0.8409987688064575,
        "z": -0.5779326558113098
      },
      "pieceRotation": {
        "x": 0.06231095641851425,
        "y": 0.0479661263525486,
        "z": 0.021049529314041138,
        "w": 0.996681272983551
      }
    },
    {
      "name": "box_5",
      "volumes": [
        {
          "type": "box",
          "position": {
            "x": 0.035533685237169266,
            "y": 0.4159262776374817,
            "z": -0.15688693523406982
          },
          "rotation": {
            "x": -0.03264971822500229,
            "y": -0.03955373913049698,
            "z": -0.9985862970352173,
            "w": -0.013965249992907047
          },
          "scale": {
            "x": 0.7113608717918396,
            "y": 0.7113608717918396,
            "z": 0.7113608717918396
          }
        }
      ],
      "piecePosition": {
        "x": 0.07218660414218903,
        "y": 0.7198588848114014,
        "z": -0.5611743927001953
      },
      "pieceRotation": {
        "x": 0.056881941854953766,
        "y": -0.03207114711403847,
        "z": 0.004093822557479143,
        "w": 0.9978572726249695
      }
    },
    {
      "name": "box_6",
      "volumes": [
        {
          "type": "box",
          "position": {
            "x": 0.039409659802913666,
            "y": 0.3392248749732971,
            "z": -0.162481427192688
          },
          "rotation": {
            "x": -0.017979921773076057,
            "y": -0.028458112850785255,
            "z": -0.9991343021392822,
            "w": -0.02444319799542427
          },
          "scale": {
            "x": 0.7113608717918396,
            "y": 0.7113608717918396,
            "z": 0.7113608717918396
          }
        }
      ],
      "piecePosition": {
        "x": 0.05907972902059555,
        "y": 0.5824203491210938,
        "z": -0.5103854537010193
      },
      "pieceRotation": {
        "x": 0.02257051132619381,
        "y": -0.019089503213763237,
        "z": -0.009165392257273197,
        "w": 0.999521017074585
      }
    },
    {
      "name": "box_7",
      "volumes": [
        {
          "type": "box",
          "position": {
            "x": 0.035064443945884705,
            "y": -0.1460629403591156,
            "z": -0.013723611831665039
          },
          "rotation": {
            "x": -0.03169812634587288,
            "y": -0.020300347357988358,
            "z": -0.9990524649620056,
            "w": -0.021847710013389587
          },
          "scale": {
            "x": 0.18319247663021088,
            "y": 0.18319247663021088,
            "z": 0.18319247663021088
          }
        }
      ],
      "piecePosition": {
        "x": 0,
        "y": 0,
        "z": 0
      },
      "pieceRotation": {
        "x": 0,
        "y": 0,
        "z": 0,
        "w": 0
      }
    },
    {
      "name": "box_8",
      "volumes": [
        {
          "type": "box",
          "position": {
            "x": 0.033467911183834076,
            "y": -0.11355465650558472,
            "z": 0.14267277717590332
          },
          "rotation": {
            "x": 0.0018398913089185953,
            "y": -0.03901269659399986,
            "z": -0.9990769624710083,
            "w": -0.01788724772632122
          },
          "scale": {
            "x": 0.23990294337272644,
            "y": 0.23990294337272644,
            "z": 0.23990294337272644
          }
        }
      ],
      "piecePosition": {
        "x": 0,
        "y": 0,
        "z": 0
      },
      "pieceRotation": {
        "x": 0,
        "y": 0,
        "z": 0,