{
  "id": "720c-icecream-22-pieces-crusty-rings",
  "modelId": "icecream",
  "name": "Crusty rings",
  "author": "Raphaël",
  "pieceCount": 22,
  "timeToSolve": "5",
  "pieceSpacing": 0.5,
  "piecesPerColumn": 4,
  "slicers": [
    {
      "name": "tri-sphere_0",
      "volumes": [
        {
          "type": "sphere",
          "position": {
            "x": 0.06287920475006104,
            "y": 0.9152458906173706,
            "z": -0.07522213459014893
          },
          "rotation": {
            "x": 0.4744778871536255,
            "y": 0.7518642544746399,
            "z": 0.21005314588546753,
            "w": -0.4067537784576416
          },
          "scale": {
            "x": 0.15354858338832855,
            "y": 15.3548583984375,
            "z": 0.15354858338832855
          }
        }
      ],
      "piecePosition": {
        "x": -0.2196706235408783,
        "y": 1.2630232572555542,
        "z": -0.846275806427002
      },
      "pieceRotation": {
        "x": -0.2684785723686218,
        "y": -0.12545743584632874,
        "z": 0.3945845067501068,
        "w": 0.8697602152824402
      }
    },
    {
      "name": "tri-sphere_1",
      "volumes": [
        {
          "type": "sphere",
          "position": {
            "x": 0.051658958196640015,
            "y": 0.8479158878326416,
            "z": -0.09261119365692139
          },
          "rotation": {
            "x": 0.603075385093689,
            "y": 0.6080178022384644,
            "z": 0.015274882316589355,
            "w": -0.5161211490631104
          },
          "scale": {
            "x": 0.15354858338832855,
            "y": 15.3548583984375,
            "z": 0.15354858338832855
          }
        }
      ],
      "piecePosition": {
        "x": -0.014738261699676514,
        "y": 1.4470536708831787,
        "z": -0.8912327885627747
      },
      "pieceRotation": {
        "x": 0.02304963581264019,
        "y": 0.5775484442710876,
        "z": 0.17442946135997772,
        "w": 0.7971704602241516
      }
    },
    {
      "name": "tri-sphere_2",
      "volumes": [
        {
          "type": "sphere",
          "position": {
            "x": 0.019544243812561035,
            "y": 0.826653003692627,
            "z": -0.05492645502090454
          },
          "rotation": {
            "x": -0.0027137696743011475,
            "y": 0.498533695936203,
            "z": -0.6624963283538818,
            "w": 0.559066653251648
          },
          "scale": {
            "x": 0.20059409737586975,
            "y": 20.059410095214844,
            "z": 0.20059409737586975
          }
        }
      ],
      "piecePosition": {
        "x": -0.3921445906162262,
        "y": 1.3162953853607178,
        "z": -0.8180651664733887
      },
      "pieceRotation": {
        "x": 0.333410382270813,
        "y": 0.4449112117290497,
        "z": -0.2863045334815979,
        "w": 0.7803341150283813
      }
    },
    {
      "name": "sphere_3",
      "volumes": [
        {
          "type": "sphere",
          "position": {
            "x": -0.0014938414096832275,
            "y": 0.543533444404602,
            "z": -0.004572749137878418
          },
          "rotation": {
            "x": 0.27829474210739136,
            "y": 0.06080843135714531,
            "z": -0.9582173228263855,
            "w": 0.025960277765989304
          },
          "scale": {
            "x": 0.2785239517688751,
            "y": 0.2785239517688751,
            "z": 0.2785239517688751
          }
        }
      ],
      "piecePosition": {
        "x": -0.596287190914154,
        "y": 1.460495948791504,
        "z": -0.8207172155380249
      },
      "pieceRotation": {
        "x": 0.2501765489578247,
        "y": 0.5739988088607788,
        "z": 0.011697724461555481,
        "w": 0.7796155214309692
      }
    },
    {
      "name": "quad-sphere_4",
      "volumes": [
        {
          "type": "sphere",
          "position": {
            "x": -0.10016462206840515,
            "y": 0.5913115739822388,
            "z": 0.1151529848575592
          },
          "rotation": {
            "x": 0.6922436952590942,
            "y": -0.07002214342355728,
            "z": -0.6482667922973633,
            "w": 0.30926644802093506
          },
          "scale": {
            "x": 0.26233038306236267,
            "y": 0.6558259129524231,
            "z": 0.13116519153118134
          }
        }
      ],
      "piecePosition": {
        "x": -0.3259808421134949,
        "y": 1.4720486402511597,
        "z": -0.9115021228790283
      },
      "pieceRotation": {
        "x": 0.006437845528125763,
        "y": 0.3947189152240753,
        "z": 0.14324718713760376,
        "w": 0.9075438976287842
      }
    },
    {
      "name": "quad-sphere_5",
      "volumes": [
        {
          "type": "sphere",
          "position": {
            "x": 0.07213477790355682,
            "y": 0.5187880992889404,
            "z": 0.1579374372959137
          },
          "rotation": {
            "x": 0.1747858077287674,
            "y": 0.15508680045604706,
            "z": -0.918249249458313,
            "w": 0.3197130858898163
          },
          "scale": {
            "x": 0.26233038306236267,
            "y": 0.6558259129524231,
            "z": 0.13116519153118134
          }
        }
      ],
      "piecePosition": {
        "x": -0.5117002725601196,
        "y": 1.455561637878418,
        "z": -0.5890935063362122
      },
      "pieceRotation": {
        "x": 0.1769503355026245,
        "y": 0.06947923451662064,
        "z": 0.3545547127723694,
        "w": 0.9155066013336182
      }
    },
    {
      "name": "quad-sphere_6",
      "volumes": [
        {
          "type": "sphere",
          "position": {
            "x": 0.17345091700553894,
            "y": 0.49127334356307983,
            "z": -0.02566152811050415
          },
          "rotation": {
            "x": -0.10931169986724854,
            "y": 0.39924272894859314,
            "z": -0.8773348927497864,
            "w": 0.242775097489357
          },
          "scale": {
            "x": 0.36702170968055725,
            "y": 0.9175542593002319,
            "z": 0.18351085484027863
          }
        }
      ],
      "piecePosition": {
        "x": 0.2483212947845459,
        "y": 1.2675997018814087,
        "z": -0.967713475227356
      },
      "pieceRotation": {
        "x": -0.19740599393844604,
        "y": -0.5219170451164246,
        "z": 0.2555018961429596,
        "w": 0.7895265817642212
      }
    },
    {
      "name": "quad-sphere_7",
      "volumes": [
        {
          "type": "sphere",
          "position": {
            "x": 0.07528142631053925,
            "y": 0.44217824935913086,
            "z": -0.1714475154876709
          },
          "rotation": {
            "x": 0.7501513361930847,
            "y": -0.31854918599128723,
            "z": -0.5159811973571777,
            "w": -0.26374757289886475
          },
          "scale": {
            "x": 0.36702170968055725,
            "y": 0.9175542593002319,
            "z": 0.18351085484027863
          }
        }
      ],
      "piecePosition": {
        "x": 0.043487951159477234,
        "y": 1.1348271369934082,
        "z": -0.9003381133079529
      },
      "pieceRotation": {
        "x": 0.7493941187858582,
        "y": 0.2002083659172058,
        "z": 0.3417823016643524,
        "w": 0.5305750966072083
      }
    },
    {
      "name": "quad-sphere_8",
      "volumes": [
        {
          "type": "sphere",
          "position": {
            "x": -0.08061698079109192,
            "y": 0.46978843212127686,
            "z": -0.055233657360076904
          },
          "rotation": {
            "x": 0.31457027792930603,
            "y": -0.5210242867469788,
            "z": -0.7871550917625427,
            "w": 0.09983028471469879
          },
          "scale": {
            "x": 0.36702170968055725,
            "y": 0.9175542593002319,