{
  "id": "b0a3fbca-05ac-4ebc-81d8-c739980af964",
  "modelId": "coho-chip-cookie",
  "name": "2020-11-20 00:14:56",
  "pieceCount": 2,
  "pieceSpacing": 0.5,
  "piecesPerColumn": 4,
  "slicers": [
    {
      "name": "sphere_0",
      "volumes": [
        {
          "type": "sphere",
          "position": {
            "x": 0.02127532660961151,
            "y": -0.003670424222946167,
            "z": -0.023447036743164062
          },
          "rotation": {
            "x": -0.018207060173153877,
            "y": -0.2116095870733261,
            "z": -0.9371498227119446,
            "w": 0.27683961391448975
          },
          "scale": {
            "x": 0.49761468172073364,
            "y": 0.49761468172073364,
            "z": 0.49761468172073364
          }
        }
      ],
      "piecePosition": {
        "x": 0,
        "y": 0,
        "z": 0
      },
      "pieceRotation": {
        "x": 0,
        "y": 0,
        "z": 0,
        "w": 0
      }
    },
    {
      "name": "sphere_1",
      "volumes": [
        {
          "type": "sphere",
          "position": {
            "x": 0.3376389741897583,
            "y": 0.018401503562927246,
            "z": -0.02545255422592163
          },
          "rotation": {
            "x": 0.08348184823989868,
            "y": -0.4571070671081543,
            "z": -0.8835020065307617,
            "w": 0.05922897532582283
          },
          "scale": {
            "x": 0.7640098929405212,
            "y": 0.7640098929405212,
            "z": 0.7640098929405212
          }
        }
      ],
      "piecePosition": {
        "x": 0,
        "y": 0,
        "z": 0
      },
      "pieceRotation": {
        "x": 0,
        "y": 0,
        "z": 0,
        "w": 0
      }
    }
  ],
  "author": "Laurent"
}
