{
  "id": "b6cd-treehouse-10-pieces-Cluttered-slices",
  "modelId": "treehouse",
  "name": "Cluttered slices",
  "pieceCount": "10",
  "pieceSpacing": 0.5,
  "piecesPerColumn": 3,
  "slicers": [
    {
      "name": "plaque_0",
      "volumes": [
        {
          "type": "box",
          "position": {
            "x": 0.8542197346687317,
            "y": 0.11683705449104309,
            "z": -0.975809633731842
          },
          "rotation": {
            "x": -0.013857775367796421,
            "y": -0.9411002993583679,
            "z": 0.07849174737930298,
            "w": -0.3285990357398987
          },
          "scale": {
            "x": 0.09104593098163605,
            "y": 4.5522966384887695,
            "z": 4.5522966384887695
          }
        }
      ],
      "piecePosition": {
        "x": 0,
        "y": 0,
        "z": 0
      },
      "pieceRotation": {
        "x": 0,
        "y": 0,
        "z": 0,
        "w": 0
      }
    },
    {
      "name": "plaque_1",
      "volumes": [
        {
          "type": "box",
          "position": {
            "x": -0.12994873523712158,
            "y": 0.1843082308769226,
            "z": -0.9762280583381653
          },
          "rotation": {
            "x": 0.023571467027068138,
            "y": -0.9606175422668457,
            "z": 0.07128182053565979,
            "w": 0.26753950119018555
          },
          "scale": {
            "x": 0.07427706569433212,
            "y": 3.713853359222412,
            "z": 3.713853359222412
          }
        }
      ],
      "piecePosition": {
        "x": 0,
        "y": 0,
        "z": 0
      },
      "pieceRotation": {
        "x": 0,
        "y": 0,
        "z": 0,
        "w": 0
      }
    },
    {
      "name": "plaque_2",
      "volumes": [
        {
          "type": "box",
          "position": {
            "x": 1.3524768352508545,
            "y": 0.058826982975006104,
            "z": -2.647212505340576
          },
          "rotation": {
            "x": 0.015665974467992783,
            "y": -0.9615272283554077,
            "z": 0.060450226068496704,
            "w": -0.2675178647041321
          },
          "scale": {
            "x": 0.1468823254108429,
            "y": 7.3441162109375,
            "z": 7.3441162109375
          }
        }
      ],
      "piecePosition": {
        "x": 0,
        "y": 0,
        "z": 0
      },
      "pieceRotation": {
        "x": 0,
        "y": 0,
        "z": 0,
        "w": 0
      }
    },
    {
      "name": "plaque_3",
      "volumes": [
        {
          "type": "box",
          "position": {
            "x": 2.253451347351074,
            "y": -0.06745702028274536,
            "z": -1.167104721069336
          },
          "rotation": {
            "x": -0.03844454884529114,
            "y": -0.8620033264160156,
            "z": 0.07674449682235718,
            "w": -0.49958252906799316
          },
          "scale": {
            "x": 0.1234312430024147,
            "y": 6.171562194824219,
            "z": 6.171562194824219
          }
        }
      ],
      "piecePosition": {
        "x": 0,
        "y": 0,
        "z": 0
      },
      "pieceRotation": {
        "x": 0,
        "y": 0,
        "z": 0,
        "w": 0
      }
    },
    {
      "name": "plaque_4",
      "volumes": [
        {
          "type": "box",
          "position": {
            "x": 11.91936206817627,
            "y": -1.8035082817077637,
            "z": -6.5446014404296875
          },
          "rotation": {
            "x": -0.034881554543972015,
            "y": -0.865413248538971,
            "z": 0.06845097988843918,
            "w": -0.4951341152191162
          },
          "scale": {
            "x": 0.5775810480117798,
            "y": 28.879051208496094,
            "z": 28.879051208496094
          }
        }
      ],
      "piecePosition": {
        "x": 0,
        "y": 0,
        "z": 0
      },
      "pieceRotation": {
        "x": 0,
        "y": 0,
        "z": 0,
        "w": 0
      }
    },
    {
      "name": "plaque_5",
      "volumes": [
        {
          "type": "box",
          "position": {
            "x": 10.018155097961426,
            "y": -1.0153822898864746,
            "z": -11.940637588500977
          },
          "rotation": {
            "x": -0.011807136237621307,
            "y": -0.9425397515296936,
            "z": 0.043900154531002045,
            "w": -0.3309868574142456
          },
          "scale": {
            "x": 0.6382818222045898,
            "y": 31.914091110229492,
            "z": 31.914091110229492
          }
        }
      ],
      "piecePosition": {
        "x": 0,
        "y": 0,
        "z": 0
      },
      "pieceRotation": {
        "x": 0,
        "y": 0,
        "z": 0,
        "w": 0
      }
    },
    {
      "name": "plaque_6",
      "volumes": [
        {
          "type": "box",
          "position": {
            "x": 9.803327560424805,
            "y": 0.86761474609375,
            "z": -16.729825973510742
          },
          "rotation": {
            "x": 0.03196436166763306,
            "y": -0.9602454900741577,
            "z": -0.0013716109097003937,
            "w": -0.27731767296791077
          },
          "scale": {
            "x": 0.7926746606826782,
            "y": 39.633731842041016,
            "z": 39.633731842041016
          }
        }
      ],
      "piecePosition": {
        "x": 0,
        "y": 0,
        "z": 0
      },
      "pieceRotation": {
        "x": 0,
        "y": 0,
        "z": 0,
        "w": 0
      }
    },
    {
      "name": "plaque_7",
      "volumes": [
        {
          "type": "box",
          "position": {
            "x": -0.5616788268089294,
            "y": -0.18566963076591492,
            "z": -0.7851924300193787
          },
          "rotation": {
            "x": 0.127287358045578,
            "y": -0.8598277568817139,
            "z": 0.14916230738162994,
            "w": 0.47142845392227173
          },
          "scale": {
            "x": 0.05217878893017769,
            "y": 2.6089394092559814,
            "z": 2.6089394092559814
          }
        }
      ],
      "piecePosition": {
        "x": 0,
        "y": 0,
        "z": 0
      },
      "pieceRotation": {
        "x": 0,
        "y": 0,
        "z": 0,
        "w": 0
      }
    },
    {
      "name": "plaque_8",
      "volumes": [
        {
          "type": "box",
          "position": {
            "x": 9.414162635803223,
            "y": -3.210972785949707,
            "z": -12.795336723327637
          },
          "rotation": {
            "x": -0.02839592471718788,
            "y": -0.9473006725311279,
            "z": 0.10430128872394562,
            "w": -0.3015568256378174
          },
          "scale": {
            "x": 0.6693223118782043,
            "y": 33.46611404418945,
            "z": 33.46611404418945
          }
        }
      ],
      "piecePosition": {
        "x": 0,
        "y": 0,
        "z": 0
      },
      "pieceRotation": {
        "x": 0,
        "y": 0,
        "z": 0,
        "w": 0
      }
    },
    {
      "name": "plaque_9",
      "volumes": [
        {
          "type": "box",
          "position": {
            "x": 8.615263938903809,
            "y": -9.10386848449707,
            "z": -9.880949020385742
          },
          "rotation": {
            "x": -0.06073596328496933,
            "y": -0.8986321687698364,
            "z": 0.291005402803421,
            "w": -0.3226255178451538
          },
          "scale": {
            "x": 0.6693223118782043,
            "y": 33.46611404418945,
            "z": 33.46611404418945
          }
        }
      ],
      "piecePosition": {
        "x": 0,
        "y": 0,
        "z": 0
      },
      "pieceRotation": {
        "x": 0,
        "y": 0,
        "z": 0,
        "w": 0
      }
    }
  ],
  "author": "Raphaël",
  "timeToSolve": "5"
}
