{
  "id": "d1ecf582-baef-40d1-958e-204de3acfb90",
  "modelId": "freshfood-burger-and-fries",
  "name": "2020-11-20 00:13:01",
  "pieceCount": 19,
  "pieceSpacing": 0.5,
  "piecesPerColumn": 4,
  "slicers": [
    {
      "name": "sphere_0",
      "volumes": [
        {
          "type": "sphere",
          "position": {
            "x": -0.06329619139432907,
            "y": 0.437873899936676,
            "z": -0.006230294704437256
          },
          "rotation": {
            "x": -0.009304095059633255,
            "y": -0.08328967541456223,
            "z": -0.9925828576087952,
            "w": 0.08806578814983368
          },
          "scale": {
            "x": 0.2199999988079071,
            "y": 0.2199999988079071,
            "z": 0.2199999988079071
          }
        }
      ],
      "piecePosition": {
        "x": 0,
        "y": 0,
        "z": 0
      },
      "pieceRotation": {
        "x": 0,
        "y": 0,
        "z": 0,
        "w": 0
      }
    },
    {
      "name": "sphere_1",
      "volumes": [
        {
          "type": "sphere",
          "position": {
            "x": -0.34524959325790405,
            "y": 0.5409818887710571,
            "z": 0.026356399059295654
          },
          "rotation": {
            "x": -0.06754094362258911,
            "y": -0.08068548887968063,
            "z": -0.9870840311050415,
            "w": 0.12080265581607819
          },
          "scale": {
            "x": 0.2199999988079071,
            "y": 0.2199999988079071,
            "z": 0.2199999988079071
          }
        }
      ],
      "piecePosition": {
        "x": 0,
        "y": 0,
        "z": 0
      },
      "pieceRotation": {
        "x": 0,
        "y": 0,
        "z": 0,
        "w": 0
      }
    },
    {
      "name": "sphere_2",
      "volumes": [
        {
          "type": "sphere",
          "position": {
            "x": -0.3356019854545593,
            "y": 0.5421931743621826,
            "z": -0.08801054954528809
          },
          "rotation": {
            "x": 0.26309850811958313,
            "y": -0.06756770610809326,
            "z": -0.961632490158081,
            "w": -0.03843003883957863
          },
          "scale": {
            "x": 0.36452746391296387,
            "y": 0.36452746391296387,
            "z": 0.36452746391296387
          }
        }
      ],
      "piecePosition": {
        "x": 0,
        "y": 0,
        "z": 0
      },
      "pieceRotation": {
        "x": 0,
        "y": 0,
        "z": 0,
        "w": 0
      }
    },
    {
      "name": "sphere_3",
      "volumes": [
        {
          "type": "sphere",
          "position": {
            "x": -0.16645322740077972,
            "y": 0.5412921905517578,
            "z": 0.004007101058959961
          },
          "rotation": {
            "x": 0.010026817210018635,
            "y": -0.05922486260533333,
            "z": -0.9850581884384155,
            "w": -0.16140727698802948
          },
          "scale": {
            "x": 0.2005002647638321,
            "y": 0.2005002647638321,
            "z": 0.2005002647638321
          }
        }
      ],
      "piecePosition": {
        "x": 0,
        "y": 0,
        "z": 0
      },
      "pieceRotation": {
        "x": 0,
        "y": 0,
        "z": 0,
        "w": 0
      }
    },
    {
      "name": "sphere_4",
      "volumes": [
        {
          "type": "sphere",
          "position": {
            "x": -0.1820656955242157,
            "y": 0.3994954824447632,
            "z": -0.05888402462005615
          },
          "rotation": {
            "x": 0.12034781277179718,
            "y": -0.2011193335056305,
            "z": -0.9611248970031738,
            "w": -0.1459673047065735
          },
          "scale": {
            "x": 0.2005002647638321,
            "y": 0.2005002647638321,
            "z": 0.2005002647638321
          }
        }
      ],
      "piecePosition": {
        "x": 0,
        "y": 0,
        "z": 0
      },
      "pieceRotation": {
        "x": 0,
        "y": 0,
        "z": 0,
        "w": 0
      }
    },
    {
      "name": "sphere_5",
      "volumes": [
        {
          "type": "sphere",
          "position": {
            "x": 0.14753372967243195,
            "y": 0.5562382936477661,
            "z": 0.05594700574874878
          },
          "rotation": {
            "x": 0.12640509009361267,
            "y": -0.09387855231761932,
            "z": -0.987047016620636,
            "w": 0.030770618468523026
          },
          "scale": {
            "x": 0.2616419792175293,
            "y": 0.2616419792175293,
            "z": 0.2616419792175293
          }
        }
      ],
      "piecePosition": {
        "x": 0,
        "y": 0,
        "z": 0
      },
      "pieceRotation": {
        "x": 0,
        "y": 0,
        "z": 0,
        "w": 0
      }
    },
    {
      "name": "sphere_6",
      "volumes": [
        {
          "type": "sphere",
          "position": {
            "x": 0.3130248188972473,
            "y": 0.8900883197784424,
            "z": 0.08246731758117676
          },
          "rotation": {
            "x": 0.3102344274520874,
            "y": 0.07220961898565292,
            "z": -0.9179723858833313,
            "w": 0.23636235296726227
          },
          "scale": {
            "x": 0.2616419792175293,
            "y": 0.2616419792175293,
            "z": 0.2616419792175293
          }
        }
      ],
      "piecePosition": {
        "x": 0,
        "y": 0,
        "z": 0
      },
      "pieceRotation": {
        "x": 0,
        "y": 0,
        "z": 0,
        "w": 0
      }
    },
    {
      "name": "sphere_7",
      "volumes": [
        {
          "type": "sphere",
          "position": {
            "x": 0.12821555137634277,
            "y": 0.9743088483810425,
            "z": 0.07575514912605286
          },
          "rotation": {
            "x": 0.09518130123615265,
            "y": 0.2628602087497711,
            "z": -0.9310001730918884,
            "w": 0.23469896614551544
          },
          "scale": {
            "x": 0.2616419792175293,
            "y": 0.2616419792175293,
            "z": 0.2616419792175293
          }
        }
      ],
      "piecePosition": {
        "x": 0,
        "y": 0,
        "z": 0
      },
      "pieceRotation": {
        "x": 0,
        "y": 0,
        "z": 0,
        "w": 0
      }
    },
    {
      "name": "sphere_8",
      "volumes": [
        {
          "type": "sphere",
          "position": {
            "x": 0.03899584710597992,
            "y": 1.1050167083740234,
            "z": 0.14105620980262756
          },
          "rotation": {
            "x": 0.24630644917488098,
            "y": 0.3956839442253113,
            "z": -0.8574740886688232,
            "w": 0.2179577499628067
          },
          "scale": {
            "x": 0.2616419792175293,
            "y": 0.2616419792175293,
            "z": 0.2616419792175293
          }
        }
      ],
      "piecePosition": {
        "x": 0,
        "y": 0,
        "z": 0
      },
      "pieceRotation": {
        "x": 0,
        "y": 0,
        "z": 0,
        "w": 0
      }
    },
    {
      "name": "sphere_9",
      "volumes": [
        {
          "type": "sphere",
          "position": {
            "x": 0.028735041618347168,
            "y": 0.9559581279754639,
            "z": 0.12094813585281372
          },
          "rotation": {
            "x": 0.2277269810438156,
            "y": 0.2615104019641876,
            "z": -0.914503812789917,
            "w": 0.20841224491596222
          },
          "scale": {
            "x": 0.2616419792175293,
            "y": 0.2616419792175293,
            "z": 0.2616419792175293
          }
        }
      ],
      "piecePosition": {
        "x": 0,
        "y": 0,
        "z": 0
      },
      "pieceRotation": {
        "x": 0,
        "y": 0,
        "z": 0,
        "w": 0
      }
    },
    {
      "name": "sphere_10",