{
    "id": "d466a-skyhome-8-pieces",
    "modelId": "skyhome",
    "name": "Big blocks",
    "author": "Julien",
    "pieceCount": 8,
    "timeToSolve": 4,
    "cutDataUrl": "",
    "pieceSpacing": 0.5,
    "piecesPerColumn": 3,
    "slicers": [
        {
            "name": "sphere_0",
            "volumes": [
                {
                    "type": "sphere",
                    "position": {
                        "x": 0.5135345458984375,
                        "y": 0.4313279986381531,
                        "z": 0.14857131242752076
                    },
                    "rotation": {
                        "x": -0.29258519411087038,
                        "y": -0.35500532388687136,
                        "z": 0.14243574440479279,
                        "w": 0.8764001727104187
                    },
                    "scale": {
                        "x": 0.8785900473594666,
                        "y": 0.8785900473594666,
                        "z": 0.8785900473594666
                    }
                }
            ],
            "piecePosition": {
                "x": 0.7893970012664795,
                "y": 1.1216230392456055,
                "z": -0.03184863552451134
            },
            "pieceRotation": {
                "x": -0.00985109806060791,
                "y": -0.48510903120040896,
                "z": 0.14257603883743287,
                "w": 0.8626959919929504
            }
        },
        {
            "name": "sphere_1",
            "volumes": [
                {
                    "type": "sphere",
                    "position": {
                        "x": 0.06623940169811249,
                        "y": -0.4482741951942444,
                        "z": -0.008612632751464844
                    },
                    "rotation": {
                        "x": 0.07111512124538422,
                        "y": 0.43251290917396548,
                        "z": 0.888373851776123,
                        "w": 0.1366276890039444
                    },
                    "scale": {
                        "x": 0.6573560833930969,
                        "y": 0.6573560833930969,
                        "z": 0.6573560833930969
                    }
                }
            ],
            "piecePosition": {
                "x": 0.7830192446708679,
                "y": 0.8648468255996704,
                "z": -0.751735508441925
            },
            "pieceRotation": {
                "x": 0.0828721672296524,
                "y": -0.37875044345855715,
                "z": -0.04895099997520447,
                "w": 0.9204804301261902
            }
        },
        {
            "name": "sphere_2",
            "volumes": [
                {
                    "type": "sphere",
                    "position": {
                        "x": -0.17848384380340577,
                        "y": -0.3326032757759094,
                        "z": 0.17892292141914369
                    },
                    "rotation": {
                        "x": -0.46610233187675478,
                        "y": -0.7226542830467224,
                        "z": -0.19221194088459016,
                        "w": 0.47283607721328738
                    },
                    "scale": {
                        "x": 0.8668146729469299,
                        "y": 0.8668146729469299,
                        "z": 0.8668146729469299
                    }
                }
            ],
            "piecePosition": {
                "x": 0.6944543719291687,
                "y": 1.5320903062820435,
                "z": -0.6531890034675598
            },
            "pieceRotation": {
                "x": -0.04027116298675537,
                "y": 0.1342839151620865,
                "z": 0.3282942473888397,
                "w": 0.9341140389442444
            }
        },
        {
            "name": "upward-corner_3",
            "volumes": [
                {
                    "type": "box",
                    "position": {
                        "x": -4.4781012535095219,
                        "y": 11.924444198608399,
                        "z": -11.859214782714844
                    },
                    "rotation": {
                        "x": 0.13278044760227204,
                        "y": 0.25611552596092226,
                        "z": -0.694981038570404,
                        "w": -0.6586164236068726
                    },
                    "scale": {
                        "x": 19.700334548950197,
                        "y": 19.70033836364746,
                        "z": 19.700334548950197
                    }
                }
            ],
            "piecePosition": {
                "x": 0.2751478850841522,
                "y": 1.5772689580917359,
                "z": -0.06273224949836731
            },
            "pieceRotation": {
                "x": 0.04118773341178894,
                "y": 0.08953720331192017,
                "z": -0.0239546000957489,
                "w": 0.9948431849479675
            }
        },
        {
            "name": "upward-corner_4",
            "volumes": [
                {
                    "type": "box",
                    "position": {
                        "x": -12.435173034667969,
                        "y": 9.725557327270508,
                        "z": 6.942606449127197
                    },
                    "rotation": {
                        "x": -0.4465911388397217,
                        "y": -0.3363410234451294,
                        "z": -0.6120018362998962,
                        "w": -0.5593612790107727
                    },
                    "scale": {
                        "x": 19.968116760253908,
                        "y": 19.968120574951173,
                        "z": 19.968116760253908
                    }
                }
            ],
            "piecePosition": {
                "x": -0.20873211324214936,
                "y": 1.6454263925552369,
                "z": -0.17876797914505006
            },
            "pieceRotation": {
                "x": -0.14233969151973725,
                "y": -0.9792001247406006,
                "z": -0.1417296826839447,
                "w": 0.02862435020506382
            }
        },
        {
            "name": "box_5",
            "volumes": [
                {
                    "type": "box",
                    "position": {
                        "x": -0.27718618512153628,
                        "y": 0.4637836217880249,
                        "z": 0.30796855688095095
                    },
                    "rotation": {
                        "x": 0.3158145248889923,
                        "y": -0.5930144190788269,
                        "z": 0.6614562273025513,
                        "w": 0.33327287435531618
                    },
                    "scale": {
                        "x": 0.5499008893966675,
                        "y": 0.5499008893966675,
                        "z": 0.5499008893966675
                    }
                }
            ],
            "piecePosition": {
                "x": -0.7723649144172669,
                "y": 0.9659386277198792,
                "z": -0.07792670279741287
            },
            "pieceRotation": {
                "x": 0.08659303188323975,
                "y": 0.7047675848007202,
                "z": 0.13328322768211366,
                "w": 0.6914042830467224
            }
        },
        {
            "name": "sphere_6",
            "volumes": [
                {
                    "type": "sphere",
                    "position": {
                        "x": -0.06061404570937157,
                        "y": 0.4861840605735779,
                        "z": -0.06529468297958374
                    },
                    "rotation": {
                        "x": 0.23340299725532533,
                        "y": -0.4660671353340149,