{
  "id": "efdb723d-4e12-40e3-9021-3c925d63a6f3",
  "modelId": "sushi-bar",
  "name": "2020-11-20 00:11:45",
  "pieceCount": 5,
  "pieceSpacing": 0.5,
  "piecesPerColumn": 4,
  "slicers": [
    {
      "name": "cross_0",
      "volumes": [
        {
          "type": "box",
          "position": {
            "x": -0.22916831076145172,
            "y": 0.09989649057388306,
            "z": 0.0292513370513916
          },
          "rotation": {
            "x": -0.009386332705616951,
            "y": 0.02896992675960064,
            "z": -0.9994909167289734,
            "w": -0.00951831229031086
          },
          "scale": {
            "x": 0.13664750754833221,
            "y": 0.27329501509666443,
            "z": 0.27329501509666443
          }
        },
        {
          "type": "box",
          "position": {
            "x": -0.22916831076145172,
            "y": 0.09989649057388306,
            "z": 0.0292513370513916
          },
          "rotation": {
            "x": -0.009386332705616951,
            "y": 0.02896992675960064,
            "z": -0.9994909167289734,
            "w": -0.00951831229031086
          },
          "scale": {
            "x": 0.27329501509666443,
            "y": 0.13664750754833221,
            "z": 0.27329501509666443
          }
        }
      ],
      "piecePosition": {
        "x": -0.7107435464859009,
        "y": 0.7437191009521484,
        "z": -0.3651575446128845
      },
      "pieceRotation": {
        "x": -0.040281686931848526,
        "y": 0.2986031770706177,
        "z": -0.09405618906021118,
        "w": 0.9488767385482788
      }
    },
    {
      "name": "cross_1",
      "volumes": [
        {
          "type": "box",
          "position": {
            "x": -0.003628455102443695,
            "y": 0.07029742002487183,
            "z": 0.024657368659973145
          },
          "rotation": {
            "x": 0.011726722121238708,
            "y": 0.009891591966152191,
            "z": -0.9998483657836914,
            "w": 0.00824075099080801
          },
          "scale": {
            "x": 0.13664750754833221,
            "y": 0.27329501509666443,
            "z": 0.27329501509666443
          }
        },
        {
          "type": "box",
          "position": {
            "x": -0.003628455102443695,
            "y": 0.07029742002487183,
            "z": 0.024657368659973145
          },
          "rotation": {
            "x": 0.011726722121238708,
            "y": 0.009891591966152191,
            "z": -0.9998483657836914,
            "w": 0.00824075099080801
          },
          "scale": {
            "x": 0.27329501509666443,
            "y": 0.13664750754833221,
            "z": 0.27329501509666443
          }
        }
      ],
      "piecePosition": {
        "x": -0.5916590094566345,
        "y": 0.7131271958351135,
        "z": 0.14018522202968597
      },
      "pieceRotation": {
        "x": -0.33085668087005615,
        "y": 0.5544366240501404,
        "z": -0.09151843935251236,
        "w": 0.7581281661987305
      }
    },
    {
      "name": "cross_2",
      "volumes": [
        {
          "type": "box",
          "position": {
            "x": 0.22449398040771484,
            "y": 0.08879142999649048,
            "z": 0.027117639780044556
          },
          "rotation": {
            "x": 0.026463322341442108,
            "y": -0.06991595029830933,
            "z": -0.9971980452537537,
            "w": -0.002736063674092293
          },
          "scale": {
            "x": 0.13664750754833221,
            "y": 0.27329501509666443,
            "z": 0.27329501509666443
          }
        },
        {
          "type": "box",
          "position": {
            "x": 0.22449398040771484,
            "y": 0.08879142999649048,
            "z": 0.027117639780044556
          },
          "rotation": {
            "x": 0.026463322341442108,
            "y": -0.06991595029830933,
            "z": -0.9971980452537537,
            "w": -0.002736063674092293
          },
          "scale": {
            "x": 0.27329501509666443,
            "y": 0.13664750754833221,
            "z": 0.27329501509666443
          }
        }
      ],
      "piecePosition": {
        "x": 0.7033819556236267,
        "y": 0.9254409074783325,
        "z": -0.12679219245910645
      },
      "pieceRotation": {
        "x": 0.038657296448946,
        "y": -0.4570886492729187,
        "z": 0.11276893317699432,
        "w": 0.8813958764076233
      }
    },
    {
      "name": "tri-sphere_3",
      "volumes": [
        {
          "type": "sphere",
          "position": {
            "x": -0.1676059067249298,
            "y": -0.05392935872077942,
            "z": 0.11817245185375214
          },
          "rotation": {
            "x": -0.030966412276029587,
            "y": 0.764458954334259,
            "z": -0.6422950625419617,
            "w": -0.045834265649318695
          },
          "scale": {
            "x": 0.4982580244541168,
            "y": 0.4982580244541168,
            "z": 0.4982580244541168
          }
        },
        {
          "type": "sphere",
          "position": {
            "x": -0.015687627717852592,
            "y": -0.024283424019813538,
            "z": -0.07981954514980316
          },
          "rotation": {
            "x": -0.030966412276029587,
            "y": 0.764458954334259,
            "z": -0.6422950625419617,
            "w": -0.045834265649318695
          },
          "scale": {
            "x": 0.4982580244541168,
            "y": 0.4982580244541168,
            "z": 0.4982580244541168
          }
        },
        {
          "type": "sphere",
          "position": {
            "x": 0.14819024503231049,
            "y": -0.06135954335331917,
            "z": 0.10499102622270584
          },
          "rotation": {
            "x": -0.030966412276029587,
            "y": 0.764458954334259,
            "z": -0.6422950625419617,
            "w": -0.045834265649318695
          },
          "scale": {
            "x": 0.4982580244541168,
            "y": 0.4982580244541168,
            "z": 0.4982580244541168
          }
        }
      ],
      "piecePosition": {
        "x": -0.15339958667755127,
        "y": 0.6386375427246094,
        "z": 0.39277082681655884
      },
      "pieceRotation": {
        "x": -0.10154478251934052,
        "y": 0.7386860251426697,
        "z": -0.17824697494506836,
        "w": 0.642074465751648
      }
    },
    {
      "name": "upward-corner_4",
      "volumes": [
        {
          "type": "box",
          "position": {
            "x": -0.7260228395462036,
            "y": 0.08413414657115936,
            "z": -0.05912156403064728
          },
          "rotation": {
            "x": -0.4167517423629761,
            "y": 0.6099036931991577,
            "z": -0.6737316846847534,
            "w": 0.0205242782831192
          },
          "scale": {
            "x": 1.0858047008514404,
            "y": 1.0858049392700195,
            "z": 1.0858047008514404
          }
        }
      ],
      "piecePosition": {
        "x": 0,
        "y": 0,
        "z": 0
      },
      "pieceRotation": {
        "x": 0,
        "y": 0,
        "z": 0,
        "w": 0
      }
    }
  ],
  "author": "Laurent"
}
